Workbook

Sheet Required sizes
A1: Required sizes: Small / Medium / Large
A3: graph | B3: V | C3: E | D3: algorithm | E3: avg_time_us | F3: edge_examinations | G3: comparisons | H3: dsu_ops | I3: result
A4: Small | B4: 10 | C4: 30 | D4: Kruskal | E4: 1.74 | F4: 14 | G4: 107 | H4: 42 | I4: weight=129 connected=true
A5: Small | B5: 10 | C5: 30 | D5: Prim | E5: 0.58 | F5: 56 | G5: 144 | H5: 0 | I5: weight=129 connected=true
A6: Small | B6: 10 | C6: 30 | D6: SCC | E6: 0.25 | F6: 30 | G6: 0 | H6: 0 | I6: components=3 largest=8
A7: Small | B7: 10 | C7: 30 | D7: Topo-DAG | E7: 0.18 | F7: 60 | G7: 0 | H7: 0 | I7: isDag=true valid=true
A8: Small | B8: 10 | C8: 30 | D8: Topo-cyclic | E8: 0.06 | F8: 35 | G8: 0 | H8: 0 | I8: isDag=false ordered=1/10
A9: Small | B9: 10 | C9: 30 | D9: Dijkstra | E9: 0.28 | F9: 25 | G9: 18 | H9: 0 | I9: reachable=9 relaxations=8 heapOps=18
A10: Medium | B10: 100 | C10: 500 | D10: Kruskal | E10: 35.13 | F10: 164 | G10: 3827 | H10: 492 | I10: weight=1170 connected=true
A11: Medium | B11: 100 | C11: 500 | D11: Prim | E11: 11.74 | F11: 993 | G11: 3742 | H11: 0 | I11: weight=1170 connected=true
A12: Medium | B12: 100 | C12: 500 | D12: SCC | E12: 3.45 | F12: 500 | G12: 0 | H12: 0 | I12: components=4 largest=97
A13: Medium | B13: 100 | C13: 500 | D13: Topo-DAG | E13: 2.03 | F13: 1000 | G13: 0 | H13: 0 | I13: isDag=true valid=true
A14: Medium | B14: 100 | C14: 500 | D14: Topo-cyclic | E14: 0.33 | F14: 515 | G14: 0 | H14: 0 | I14: isDag=false ordered=2/100
A15: Medium | B15: 100 | C15: 500 | D15: Dijkstra | E15: 5.69 | F15: 485 | G15: 1439 | H15: 0 | I15: reachable=98 relaxations=141 heapOps=284
... A21: Large | B21: 1000 | C21: 5000 | D21: Dijkstra | E21: 305.3 | F21: 4969 | G21: 23478 | H21: 0 | I21: reachable=992 relaxations=1410 heapOps=2822
A24: Execution time (µs) by algorithm
A25: Graph | B25: Kruskal | C25: Prim | D25: SCC | E25: Topo-DAG | F25: Topo-cyclic | G25: Dijkstra
A26: Small | B26: =SUMIFS($E$4:$E$21,$A$4:$A$21,$A26,$D$4:$D$21,B$25) -> 1.74 | C26: =SUMIFS($E$4:$E$21,$A$4:$A$21,$A26,$D$4:$D$21,C$25) -> 0.58 | D26: =SUMIFS($E$4:$E$21,$A$4:$A$21,$A26,$D$4:$D$21,D$25) -> 0.25 | E26: =SUMIFS($E$4:$E$21,$A$4:$A$21,$A26,$D$4:$D$21,E$25) -> 0.18 | F26: =SUMIFS($E$4:$E$21,$A$4:$A$21,$A26,$D$4:$D$21,F$25) -> 0.06 | G26: =SUMIFS($E$4:$E$21,$A$4:$A$21,$A26,$D$4:$D$21,G$25) -> 0.28
A27: Medium | B27: =SUMIFS($E$4:$E$21,$A$4:$A$21,$A27,$D$4:$D$21,B$25) -> 35.13 | C27: =SUMIFS($E$4:$E$21,$A$4:$A$21,$A27,$D$4:$D$21,C$25) -> 11.74 | D27: =SUMIFS($E$4:$E$21,$A$4:$A$21,$A27,$D$4:$D$21,D$25) -> 3.45 | E27: =SUMIFS($E$4:$E$21,$A$4:$A$21,$A27,$D$4:$D$21,E$25) -> 2.03 | F27: =SUMIFS($E$4:$E$21,$A$4:$A$21,$A27,$D$4:$D$21,F$25) -> 0.33 | G27: =SUMIFS($E$4:$E$21,$A$4:$A$21,$A27,$D$4:$D$21,G$25) -> 5.69
A28: Large | B28: =SUMIFS($E$4:$E$21,$A$4:$A$21,$A28,$D$4:$D$21,B$25) -> 610.99 | C28: =SUMIFS($E$4:$E$21,$A$4:$A$21,$A28,$D$4:$D$21,C$25) -> 881.97 | D28: =SUMIFS($E$4:$E$21,$A$4:$A$21,$A28,$D$4:$D$21,D$25) -> 100.32 | E28: =SUMIFS($E$4:$E$21,$A$4:$A$21,$A28,$D$4:$D$21,E$25) -> 66.36 | F28: =SUMIFS($E$4:$E$21,$A$4:$A$21,$A28,$D$4:$D$21,F$25) -> 9.37 | G28: =SUMIFS($E$4:$E$21,$A$4:$A$21,$A28,$D$4:$D$21,G$25) -> 305.3

Sheet Time vs Vertices
A1: Time vs Vertices
A2: Formulas pull data from sheet Raw_ScaleV. Time in microseconds (average of 5 runs).
A4: Average execution time, µs
A5: V | B5: E | C5: Kruskal | D5: Prim | E5: SCC | F5: Topo-DAG | G5: Topo-cyclic | H5: Dijkstra
A6: 100 | B6: =INDEX(Raw_ScaleV!$C$2:$C$43,MATCH(A6,Raw_ScaleV!$B$2:$B$43,0)) -> 500 | C6: =SUMIFS(Raw_ScaleV!$E$2:$E$43,Raw_ScaleV!$B$2:$B$43,$A6,Raw_ScaleV!$D$2:$D$43,C$5) -> 40.27 | D6: =SUMIFS(Raw_ScaleV!$E$2:$E$43,Raw_ScaleV!$B$2:$B$43,$A6,Raw_ScaleV!$D$2:$D$43,D$5) -> 20.99 | E6: =SUMIFS(Raw_ScaleV!$E$2:$E$43,Raw_ScaleV!$B$2:$B$43,$A6,Raw_ScaleV!$D$2:$D$43,E$5) -> 5.43 | F6: =SUMIFS(Raw_ScaleV!$E$2:$E$43,Raw_ScaleV!$B$2:$B$43,$A6,Raw_ScaleV!$D$2:$D$43,F$5) -> 3.15 | G6: =SUMIFS(Raw_ScaleV!$E$2:$E$43,Raw_ScaleV!$B$2:$B$43,$A6,Raw_ScaleV!$D$2:$D$43,G$5) -> 0.66 | H6: =SUMIFS(Raw_ScaleV!$E$2:$E$43,Raw_ScaleV!$B$2:$B$43,$A6,Raw_ScaleV!$D$2:$D$43,H$5) -> 13.96
A7: 250 | B7: =INDEX(Raw_ScaleV!$C$2:$C$43,MATCH(A7,Raw_ScaleV!$B$2:$B$43,0)) -> 1250 | C7: =SUMIFS(Raw_ScaleV!$E$2:$E$43,Raw_ScaleV!$B$2:$B$43,$A7,Raw_ScaleV!$D$2:$D$43,C$5) -> 132.19 | D7: =SUMIFS(Raw_ScaleV!$E$2:$E$43,Raw_ScaleV!$B$2:$B$43,$A7,Raw_ScaleV!$D$2:$D$43,D$5) -> 123.17 | E7: =SUMIFS(Raw_ScaleV!$E$2:$E$43,Raw_ScaleV!$B$2:$B$43,$A7,Raw_ScaleV!$D$2:$D$43,E$5) -> 12.49 | F7: =SUMIFS(Raw_ScaleV!$E$2:$E$43,Raw_ScaleV!$B$2:$B$43,$A7,Raw_ScaleV!$D$2:$D$43,F$5) -> 13.51 | G7: =SUMIFS(Raw_ScaleV!$E$2:$E$43,Raw_ScaleV!$B$2:$B$43,$A7,Raw_ScaleV!$D$2:$D$43,G$5) -> 1.75 | H7: =SUMIFS(Raw_ScaleV!$E$2:$E$43,Raw_ScaleV!$B$2:$B$43,$A7,Raw_ScaleV!$D$2:$D$43,H$5) -> 38.91
A8: 500 | B8: =INDEX(Raw_ScaleV!$C$2:$C$43,MATCH(A8,Raw_ScaleV!$B$2:$B$43,0)) -> 2500 | C8: =SUMIFS(Raw_ScaleV!$E$2:$E$43,Raw_ScaleV!$B$2:$B$43,$A8,Raw_ScaleV!$D$2:$D$43,C$5) -> 310.05 | D8: =SUMIFS(Raw_ScaleV!$E$2:$E$43,Raw_ScaleV!$B$2:$B$43,$A8,Raw_ScaleV!$D$2:$D$43,D$5) -> 292.08 | E8: =SUMIFS(Raw_ScaleV!$E$2:$E$43,Raw_ScaleV!$B$2:$B$43,$A8,Raw_ScaleV!$D$2:$D$43,E$5) -> 33.77 | F8: =SUMIFS(Raw_ScaleV!$E$2:$E$43,Raw_ScaleV!$B$2:$B$43,$A8,Raw_ScaleV!$D$2:$D$43,F$5) -> 18.15 | G8: =SUMIFS(Raw_ScaleV!$E$2:$E$43,Raw_ScaleV!$B$2:$B$43,$A8,Raw_ScaleV!$D$2:$D$43,G$5) -> 3.36 | H8: =SUMIFS(Raw_ScaleV!$E$2:$E$43,Raw_ScaleV!$B$2:$B$43,$A8,Raw_ScaleV!$D$2:$D$43,H$5) -> 116.66
A9: 1000 | B9: =INDEX(Raw_ScaleV!$C$2:$C$43,MATCH(A9,Raw_ScaleV!$B$2:$B$43,0)) -> 5000 | C9: =SUMIFS(Raw_ScaleV!$E$2:$E$43,Raw_ScaleV!$B$2:$B$43,$A9,Raw_ScaleV!$D$2:$D$43,C$5) -> 750.69 | D9: =SUMIFS(Raw_ScaleV!$E$2:$E$43,Raw_ScaleV!$B$2:$B$43,$A9,Raw_ScaleV!$D$2:$D$43,D$5) -> 906 | E9: =SUMIFS(Raw_ScaleV!$E$2:$E$43,Raw_ScaleV!$B$2:$B$43,$A9,Raw_ScaleV!$D$2:$D$43,E$5) -> 61.81 | F9: =SUMIFS(Raw_ScaleV!$E$2:$E$43,Raw_ScaleV!$B$2:$B$43,$A9,Raw_ScaleV!$D$2:$D$43,F$5) -> 53.57 | G9: =SUMIFS(Raw_ScaleV!$E$2:$E$43,Raw_ScaleV!$B$2:$B$43,$A9,Raw_ScaleV!$D$2:$D$43,G$5) -> 5.42 | H9: =SUMIFS(Raw_ScaleV!$E$2:$E$43,Raw_ScaleV!$B$2:$B$43,$A9,Raw_ScaleV!$D$2:$D$43,H$5) -> 298.4
A10: 2000 | B10: =INDEX(Raw_ScaleV!$C$2:$C$43,MATCH(A10,Raw_ScaleV!$B$2:$B$43,0)) -> 10000 | C10: =SUMIFS(Raw_ScaleV!$E$2:$E$43,Raw_ScaleV!$B$2:$B$43,$A10,Raw_ScaleV!$D$2:$D$43,C$5) -> 1536.73 | D10: =SUMIFS(Raw_ScaleV!$E$2:$E$43,Raw_ScaleV!$B$2:$B$43,$A10,Raw_ScaleV!$D$2:$D$43,D$5) -> 2396.27 | E10: =SUMIFS(Raw_ScaleV!$E$2:$E$43,Raw_ScaleV!$B$2:$B$43,$A10,Raw_ScaleV!$D$2:$D$43,E$5) -> 203.05 | F10: =SUMIFS(Raw_ScaleV!$E$2:$E$43,Raw_ScaleV!$B$2:$B$43,$A10,Raw_ScaleV!$D$2:$D$43,F$5) -> 118.56 | G10: =SUMIFS(Raw_ScaleV!$E$2:$E$43,Raw_ScaleV!$B$2:$B$43,$A10,Raw_ScaleV!$D$2:$D$43,G$5) -> 19.19 | H10: =SUMIFS(Raw_ScaleV!$E$2:$E$43,Raw_ScaleV!$B$2:$B$43,$A10,Raw_ScaleV!$D$2:$D$43,H$5) -> 548.02
A11: 5000 | B11: =INDEX(Raw_ScaleV!$C$2:$C$43,MATCH(A11,Raw_ScaleV!$B$2:$B$43,0)) -> 25000 | C11: =SUMIFS(Raw_ScaleV!$E$2:$E$43,Raw_ScaleV!$B$2:$B$43,$A11,Raw_ScaleV!$D$2:$D$43,C$5) -> 4390.84 | D11: =SUMIFS(Raw_ScaleV!$E$2:$E$43,Raw_ScaleV!$B$2:$B$43,$A11,Raw_ScaleV!$D$2:$D$43,D$5) -> 7522.33 | E11: =SUMIFS(Raw_ScaleV!$E$2:$E$43,Raw_ScaleV!$B$2:$B$43,$A11,Raw_ScaleV!$D$2:$D$43,E$5) -> 571.08 | F11: =SUMIFS(Raw_ScaleV!$E$2:$E$43,Raw_ScaleV!$B$2:$B$43,$A11,Raw_ScaleV!$D$2:$D$43,F$5) -> 373.66 | G11: =SUMIFS(Raw_ScaleV!$E$2:$E$43,Raw_ScaleV!$B$2:$B$43,$A11,Raw_ScaleV!$D$2:$D$43,G$5) -> 60.8 | H11: =SUMIFS(Raw_ScaleV!$E$2:$E$43,Raw_ScaleV!$B$2:$B$43,$A11,Raw_ScaleV!$D$2:$D$43,H$5) -> 1668.41
A12: 10000 | B12: =INDEX(Raw_ScaleV!$C$2:$C$43,MATCH(A12,Raw_ScaleV!$B$2:$B$43,0)) -> 50000 | C12: =SUMIFS(Raw_ScaleV!$E$2:$E$43,Raw_ScaleV!$B$2:$B$43,$A12,Raw_ScaleV!$D$2:$D$43,C$5) -> 8617.34 | D12: =SUMIFS(Raw_ScaleV!$E$2:$E$43,Raw_ScaleV!$B$2:$B$43,$A12,Raw_ScaleV!$D$2:$D$43,D$5) -> 14520.68 | E12: =SUMIFS(Raw_ScaleV!$E$2:$E$43,Raw_ScaleV!$B$2:$B$43,$A12,Raw_ScaleV!$D$2:$D$43,E$5) -> 1207.88 | F12: =SUMIFS(Raw_ScaleV!$E$2:$E$43,Raw_ScaleV!$B$2:$B$43,$A12,Raw_ScaleV!$D$2:$D$43,F$5) -> 839.34 | G12: =SUMIFS(Raw_ScaleV!$E$2:$E$43,Raw_ScaleV!$B$2:$B$43,$A12,Raw_ScaleV!$D$2:$D$43,G$5) -> 72.29 | H12: =SUMIFS(Raw_ScaleV!$E$2:$E$43,Raw_ScaleV!$B$2:$B$43,$A12,Raw_ScaleV!$D$2:$D$43,H$5) -> 4639.99
A15: Comparisons
A16: V | B16: E | C16: Kruskal | D16: Prim | E16: SCC | F16: Topo-DAG | G16: Topo-cyclic | H16: Dijkstra
A17: 100 | B17: =INDEX(Raw_ScaleV!$C$2:$C$43,MATCH(A17,Raw_ScaleV!$B$2:$B$43,0)) -> 500 | C17: =SUMIFS(Raw_ScaleV!$G$2:$G$43,Raw_ScaleV!$B$2:$B$43,$A17,Raw_ScaleV!$D$2:$D$43,C$16) -> 3827 | D17: =SUMIFS(Raw_ScaleV!$G$2:$G$43,Raw_ScaleV!$B$2:$B$43,$A17,Raw_ScaleV!$D$2:$D$43,D$16) -> 3742 | E17: =SUMIFS(Raw_ScaleV!$G$2:$G$43,Raw_ScaleV!$B$2:$B$43,$A17,Raw_ScaleV!$D$2:$D$43,E$16) -> 0 | F17: =SUMIFS(Raw_ScaleV!$G$2:$G$43,Raw_ScaleV!$B$2:$B$43,$A17,Raw_ScaleV!$D$2:$D$43,F$16) -> 0 | G17: =SUMIFS(Raw_ScaleV!$G$2:$G$43,Raw_ScaleV!$B$2:$B$43,$A17,Raw_ScaleV!$D$2:$D$43,G$16) -> 0 | H17: =SUMIFS(Raw_ScaleV!$G$2:$G$43,Raw_ScaleV!$B$2:$B$43,$A17,Raw_ScaleV!$D$2:$D$43,H$16) -> 1439
A18: 250 | B18: =INDEX(Raw_ScaleV!$C$2:$C$43,MATCH(A18,Raw_ScaleV!$B$2:$B$43,0)) -> 1250 | C18: =SUMIFS(Raw_ScaleV!$G$2:$G$43,Raw_ScaleV!$B$2:$B$43,$A18,Raw_ScaleV!$D$2:$D$43,C$16) -> 11261 | D18: =SUMIFS(Raw_ScaleV!$G$2:$G$43,Raw_ScaleV!$B$2:$B$43,$A18,Raw_ScaleV!$D$2:$D$43,D$16) -> 14733 | E18: =SUMIFS(Raw_ScaleV!$G$2:$G$43,Raw_ScaleV!$B$2:$B$43,$A18,Raw_ScaleV!$D$2:$D$43,E$16) -> 0 | F18: =SUMIFS(Raw_ScaleV!$G$2:$G$43,Raw_ScaleV!$B$2:$B$43,$A18,Raw_ScaleV!$D$2:$D$43,F$16) -> 0 | G18: =SUMIFS(Raw_ScaleV!$G$2:$G$43,Raw_ScaleV!$B$2:$B$43,$A18,Raw_ScaleV!$D$2:$D$43,G$16) -> 0 | H18: =SUMIFS(Raw_ScaleV!$G$2:$G$43,Raw_ScaleV!$B$2:$B$43,$A18,Raw_ScaleV!$D$2:$D$43,H$16) -> 4927
A19: 500 | B19: =INDEX(Raw_ScaleV!$C$2:$C$43,MATCH(A19,Raw_ScaleV!$B$2:$B$43,0)) -> 2500 | C19: =SUMIFS(Raw_ScaleV!$G$2:$G$43,Raw_ScaleV!$B$2:$B$43,$A19,Raw_ScaleV!$D$2:$D$43,C$16) -> 24208 | D19: =SUMIFS(Raw_ScaleV!$G$2:$G$43,Raw_ScaleV!$B$2:$B$43,$A19,Raw_ScaleV!$D$2:$D$43,D$16) -> 32475 | E19: =SUMIFS(Raw_ScaleV!$G$2:$G$43,Raw_ScaleV!$B$2:$B$43,$A19,Raw_ScaleV!$D$2:$D$43,E$16) -> 0 | F19: =SUMIFS(Raw_ScaleV!$G$2:$G$43,Raw_ScaleV!$B$2:$B$43,$A19,Raw_ScaleV!$D$2:$D$43,F$16) -> 0 | G19: =SUMIFS(Raw_ScaleV!$G$2:$G$43,Raw_ScaleV!$B$2:$B$43,$A19,Raw_ScaleV!$D$2:$D$43,G$16) -> 0 | H19: =SUMIFS(Raw_ScaleV!$G$2:$G$43,Raw_ScaleV!$B$2:$B$43,$A19,Raw_ScaleV!$D$2:$D$43,H$16) -> 10423
A20: 1000 | B20: =INDEX(Raw_ScaleV!$C$2:$C$43,MATCH(A20,Raw_ScaleV!$B$2:$B$43,0)) -> 5000 | C20: =SUMIFS(Raw_ScaleV!$G$2:$G$43,Raw_ScaleV!$B$2:$B$43,$A20,Raw_ScaleV!$D$2:$D$43,C$16) -> 50369 | D20: =SUMIFS(Raw_ScaleV!$G$2:$G$43,Raw_ScaleV!$B$2:$B$43,$A20,Raw_ScaleV!$D$2:$D$43,D$16) -> 85148 | E20: =SUMIFS(Raw_ScaleV!$G$2:$G$43,Raw_ScaleV!$B$2:$B$43,$A20,Raw_ScaleV!$D$2:$D$43,E$16) -> 0 | F20: =SUMIFS(Raw_ScaleV!$G$2:$G$43,Raw_ScaleV!$B$2:$B$43,$A20,Raw_ScaleV!$D$2:$D$43,F$16) -> 0 | G20: =SUMIFS(Raw_ScaleV!$G$2:$G$43,Raw_ScaleV!$B$2:$B$43,$A20,Raw_ScaleV!$D$2:$D$43,G$16) -> 0 | H20: =SUMIFS(Raw_ScaleV!$G$2:$G$43,Raw_ScaleV!$B$2:$B$43,$A20,Raw_ScaleV!$D$2:$D$43,H$16) -> 23478
A21: 2000 | B21: =INDEX(Raw_ScaleV!$C$2:$C$43,MATCH(A21,Raw_ScaleV!$B$2:$B$43,0)) -> 10000 | C21: =SUMIFS(Raw_ScaleV!$G$2:$G$43,Raw_ScaleV!$B$2:$B$43,$A21,Raw_ScaleV!$D$2:$D$43,C$16) -> 103223 | D21: =SUMIFS(Raw_ScaleV!$G$2:$G$43,Raw_ScaleV!$B$2:$B$43,$A21,Raw_ScaleV!$D$2:$D$43,D$16) -> 238873 | E21: =SUMIFS(Raw_ScaleV!$G$2:$G$43,Raw_ScaleV!$B$2:$B$43,$A21,Raw_ScaleV!$D$2:$D$43,E$16) -> 0 | F21: =SUMIFS(Raw_ScaleV!$G$2:$G$43,Raw_ScaleV!$B$2:$B$43,$A21,Raw_ScaleV!$D$2:$D$43,F$16) -> 0 | G21: =SUMIFS(Raw_ScaleV!$G$2:$G$43,Raw_ScaleV!$B$2:$B$43,$A21,Raw_ScaleV!$D$2:$D$43,G$16) -> 0 | H21: =SUMIFS(Raw_ScaleV!$G$2:$G$43,Raw_ScaleV!$B$2:$B$43,$A21,Raw_ScaleV!$D$2:$D$43,H$16) -> 52543
A22: 5000 | B22: =INDEX(Raw_ScaleV!$C$2:$C$43,MATCH(A22,Raw_ScaleV!$B$2:$B$43,0)) -> 25000 | C22: =SUMIFS(Raw_ScaleV!$G$2:$G$43,Raw_ScaleV!$B$2:$B$43,$A22,Raw_ScaleV!$D$2:$D$43,C$16) -> 262527 | D22: =SUMIFS(Raw_ScaleV!$G$2:$G$43,Raw_ScaleV!$B$2:$B$43,$A22,Raw_ScaleV!$D$2:$D$43,D$16) -> 634740 | E22: =SUMIFS(Raw_ScaleV!$G$2:$G$43,Raw_ScaleV!$B$2:$B$43,$A22,Raw_ScaleV!$D$2:$D$43,E$16) -> 0 | F22: =SUMIFS(Raw_ScaleV!$G$2:$G$43,Raw_ScaleV!$B$2:$B$43,$A22,Raw_ScaleV!$D$2:$D$43,F$16) -> 0 | G22: =SUMIFS(Raw_ScaleV!$G$2:$G$43,Raw_ScaleV!$B$2:$B$43,$A22,Raw_ScaleV!$D$2:$D$43,G$16) -> 0 | H22: =SUMIFS(Raw_ScaleV!$G$2:$G$43,Raw_ScaleV!$B$2:$B$43,$A22,Raw_ScaleV!$D$2:$D$43,H$16) -> 153673
A23: 10000 | B23: =INDEX(Raw_ScaleV!$C$2:$C$43,MATCH(A23,Raw_ScaleV!$B$2:$B$43,0)) -> 50000 | C23: =SUMIFS(Raw_ScaleV!$G$2:$G$43,Raw_ScaleV!$B$2:$B$43,$A23,Raw_ScaleV!$D$2:$D$43,C$16) -> 527352 | D23: =SUMIFS(Raw_ScaleV!$G$2:$G$43,Raw_ScaleV!$B$2:$B$43,$A23,Raw_ScaleV!$D$2:$D$43,D$16) -> 1347123 | E23: =SUMIFS(Raw_ScaleV!$G$2:$G$43,Raw_ScaleV!$B$2:$B$43,$A23,Raw_ScaleV!$D$2:$D$43,E$16) -> 0 | F23: =SUMIFS(Raw_ScaleV!$G$2:$G$43,Raw_ScaleV!$B$2:$B$43,$A23,Raw_ScaleV!$D$2:$D$43,F$16) -> 0 | G23: =SUMIFS(Raw_ScaleV!$G$2:$G$43,Raw_ScaleV!$B$2:$B$43,$A23,Raw_ScaleV!$D$2:$D$43,G$16) -> 0 | H23: =SUMIFS(Raw_ScaleV!$G$2:$G$43,Raw_ScaleV!$B$2:$B$43,$A23,Raw_ScaleV!$D$2:$D$43,H$16) -> 333357
A26: Edge examinations
A27: V | B27: E | C27: Kruskal | D27: Prim | E27: SCC | F27: Topo-DAG | G27: Topo-cyclic | H27: Dijkstra
A28: 100 | B28: =INDEX(Raw_ScaleV!$C$2:$C$43,MATCH(A28,Raw_ScaleV!$B$2:$B$43,0)) -> 500 | C28: =SUMIFS(Raw_ScaleV!$F$2:$F$43,Raw_ScaleV!$B$2:$B$43,$A28,Raw_ScaleV!$D$2:$D$43,C$27) -> 164 | D28: =SUMIFS(Raw_ScaleV!$F$2:$F$43,Raw_ScaleV!$B$2:$B$43,$A28,Raw_ScaleV!$D$2:$D$43,D$27) -> 993 | E28: =SUMIFS(Raw_ScaleV!$F$2:$F$43,Raw_ScaleV!$B$2:$B$43,$A28,Raw_ScaleV!$D$2:$D$43,E$27) -> 500 | F28: =SUMIFS(Raw_ScaleV!$F$2:$F$43,Raw_ScaleV!$B$2:$B$43,$A28,Raw_ScaleV!$D$2:$D$43,F$27) -> 1000 | G28: =SUMIFS(Raw_ScaleV!$F$2:$F$43,Raw_ScaleV!$B$2:$B$43,$A28,Raw_ScaleV!$D$2:$D$43,G$27) -> 515 | H28: =SUMIFS(Raw_ScaleV!$F$2:$F$43,Raw_ScaleV!$B$2:$B$43,$A28,Raw_ScaleV!$D$2:$D$43,H$27) -> 485
A29: 250 | B29: =INDEX(Raw_ScaleV!$C$2:$C$43,MATCH(A29,Raw_ScaleV!$B$2:$B$43,0)) -> 1250 | C29: =SUMIFS(Raw_ScaleV!$F$2:$F$43,Raw_ScaleV!$B$2:$B$43,$A29,Raw_ScaleV!$D$2:$D$43,C$27) -> 658 | D29: =SUMIFS(Raw_ScaleV!$F$2:$F$43,Raw_ScaleV!$B$2:$B$43,$A29,Raw_ScaleV!$D$2:$D$43,D$27) -> 2495 | E29: =SUMIFS(Raw_ScaleV!$F$2:$F$43,Raw_ScaleV!$B$2:$B$43,$A29,Raw_ScaleV!$D$2:$D$43,E$27) -> 1250 | F29: =SUMIFS(Raw_ScaleV!$F$2:$F$43,Raw_ScaleV!$B$2:$B$43,$A29,Raw_ScaleV!$D$2:$D$43,F$27) -> 2500 | G29: =SUMIFS(Raw_ScaleV!$F$2:$F$43,Raw_ScaleV!$B$2:$B$43,$A29,Raw_ScaleV!$D$2:$D$43,G$27) -> 1254 | H29: =SUMIFS(Raw_ScaleV!$F$2:$F$43,Raw_ScaleV!$B$2:$B$43,$A29,Raw_ScaleV!$D$2:$D$43,H$27) -> 1246
A30: 500 | B30: =INDEX(Raw_ScaleV!$C$2:$C$43,MATCH(A30,Raw_ScaleV!$B$2:$B$43,0)) -> 2500 | C30: =SUMIFS(Raw_ScaleV!$F$2:$F$43,Raw_ScaleV!$B$2:$B$43,$A30,Raw_ScaleV!$D$2:$D$43,C$27) -> 1358 | D30: =SUMIFS(Raw_ScaleV!$F$2:$F$43,Raw_ScaleV!$B$2:$B$43,$A30,Raw_ScaleV!$D$2:$D$43,D$27) -> 4991 | E30: =SUMIFS(Raw_ScaleV!$F$2:$F$43,Raw_ScaleV!$B$2:$B$43,$A30,Raw_ScaleV!$D$2:$D$43,E$27) -> 2500 | F30: =SUMIFS(Raw_ScaleV!$F$2:$F$43,Raw_ScaleV!$B$2:$B$43,$A30,Raw_ScaleV!$D$2:$D$43,F$27) -> 5000 | G30: =SUMIFS(Raw_ScaleV!$F$2:$F$43,Raw_ScaleV!$B$2:$B$43,$A30,Raw_ScaleV!$D$2:$D$43,G$27) -> 2519 | H30: =SUMIFS(Raw_ScaleV!$F$2:$F$43,Raw_ScaleV!$B$2:$B$43,$A30,Raw_ScaleV!$D$2:$D$43,H$27) -> 2481
A31: 1000 | B31: =INDEX(Raw_ScaleV!$C$2:$C$43,MATCH(A31,Raw_ScaleV!$B$2:$B$43,0)) -> 5000 | C31: =SUMIFS(Raw_ScaleV!$F$2:$F$43,Raw_ScaleV!$B$2:$B$43,$A31,Raw_ScaleV!$D$2:$D$43,C$27) -> 3356 | D31: =SUMIFS(Raw_ScaleV!$F$2:$F$43,Raw_ScaleV!$B$2:$B$43,$A31,Raw_ScaleV!$D$2:$D$43,D$27) -> 9997 | E31: =SUMIFS(Raw_ScaleV!$F$2:$F$43,Raw_ScaleV!$B$2:$B$43,$A31,Raw_ScaleV!$D$2:$D$43,E$27) -> 5000 | F31: =SUMIFS(Raw_ScaleV!$F$2:$F$43,Raw_ScaleV!$B$2:$B$43,$A31,Raw_ScaleV!$D$2:$D$43,F$27) -> 10000 | G31: =SUMIFS(Raw_ScaleV!$F$2:$F$43,Raw_ScaleV!$B$2:$B$43,$A31,Raw_ScaleV!$D$2:$D$43,G$27) -> 5031 | H31: =SUMIFS(Raw_ScaleV!$F$2:$F$43,Raw_ScaleV!$B$2:$B$43,$A31,Raw_ScaleV!$D$2:$D$43,H$27) -> 4969
A32: 2000 | B32: =INDEX(Raw_ScaleV!$C$2:$C$43,MATCH(A32,Raw_ScaleV!$B$2:$B$43,0)) -> 10000 | C32: =SUMIFS(Raw_ScaleV!$F$2:$F$43,Raw_ScaleV!$B$2:$B$43,$A32,Raw_ScaleV!$D$2:$D$43,C$27) -> 9602 | D32: =SUMIFS(Raw_ScaleV!$F$2:$F$43,Raw_ScaleV!$B$2:$B$43,$A32,Raw_ScaleV!$D$2:$D$43,D$27) -> 19998 | E32: =SUMIFS(Raw_ScaleV!$F$2:$F$43,Raw_ScaleV!$B$2:$B$43,$A32,Raw_ScaleV!$D$2:$D$43,E$27) -> 10000 | F32: =SUMIFS(Raw_ScaleV!$F$2:$F$43,Raw_ScaleV!$B$2:$B$43,$A32,Raw_ScaleV!$D$2:$D$43,F$27) -> 20000 | G32: =SUMIFS(Raw_ScaleV!$F$2:$F$43,Raw_ScaleV!$B$2:$B$43,$A32,Raw_ScaleV!$D$2:$D$43,G$27) -> 10050 | H32: =SUMIFS(Raw_ScaleV!$F$2:$F$43,Raw_ScaleV!$B$2:$B$43,$A32,Raw_ScaleV!$D$2:$D$43,H$27) -> 9950
A33: 5000 | B33: =INDEX(Raw_ScaleV!$C$2:$C$43,MATCH(A33,Raw_ScaleV!$B$2:$B$43,0)) -> 25000 | C33: =SUMIFS(Raw_ScaleV!$F$2:$F$43,Raw_ScaleV!$B$2:$B$43,$A33,Raw_ScaleV!$D$2:$D$43,C$27) -> 22185 | D33: =SUMIFS(Raw_ScaleV!$F$2:$F$43,Raw_ScaleV!$B$2:$B$43,$A33,Raw_ScaleV!$D$2:$D$43,D$27) -> 49999 | E33: =SUMIFS(Raw_ScaleV!$F$2:$F$43,Raw_ScaleV!$B$2:$B$43,$A33,Raw_ScaleV!$D$2:$D$43,E$27) -> 25000 | F33: =SUMIFS(Raw_ScaleV!$F$2:$F$43,Raw_ScaleV!$B$2:$B$43,$A33,Raw_ScaleV!$D$2:$D$43,F$27) -> 50000 | G33: =SUMIFS(Raw_ScaleV!$F$2:$F$43,Raw_ScaleV!$B$2:$B$43,$A33,Raw_ScaleV!$D$2:$D$43,G$27) -> 25183 | H33: =SUMIFS(Raw_ScaleV!$F$2:$F$43,Raw_ScaleV!$B$2:$B$43,$A33,Raw_ScaleV!$D$2:$D$43,H$27) -> 24817
A34: 10000 | B34: =INDEX(Raw_ScaleV!$C$2:$C$43,MATCH(A34,Raw_ScaleV!$B$2:$B$43,0)) -> 50000 | C34: =SUMIFS(Raw_ScaleV!$F$2:$F$43,Raw_ScaleV!$B$2:$B$43,$A34,Raw_ScaleV!$D$2:$D$43,C$27) -> 44038 | D34: =SUMIFS(Raw_ScaleV!$F$2:$F$43,Raw_ScaleV!$B$2:$B$43,$A34,Raw_ScaleV!$D$2:$D$43,D$27) -> 99996 | E34: =SUMIFS(Raw_ScaleV!$F$2:$F$43,Raw_ScaleV!$B$2:$B$43,$A34,Raw_ScaleV!$D$2:$D$43,E$27) -> 50000 | F34: =SUMIFS(Raw_ScaleV!$F$2:$F$43,Raw_ScaleV!$B$2:$B$43,$A34,Raw_ScaleV!$D$2:$D$43,F$27) -> 100000 | G34: =SUMIFS(Raw_ScaleV!$F$2:$F$43,Raw_ScaleV!$B$2:$B$43,$A34,Raw_ScaleV!$D$2:$D$43,G$27) -> 50391 | H34: =SUMIFS(Raw_ScaleV!$F$2:$F$43,Raw_ScaleV!$B$2:$B$43,$A34,Raw_ScaleV!$D$2:$D$43,H$27) -> 49609

Sheet Time vs Edges
A1: Time vs Edges
A2: Formulas pull data from sheet Raw_ScaleE. Time in microseconds (average of 5 runs).
A4: Average execution time, µs
A5: V | B5: E | C5: Kruskal | D5: Prim | E5: SCC | F5: Topo-DAG | G5: Topo-cyclic | H5: Dijkstra
A6: =INDEX(Raw_ScaleE!$B$2:$B$37,MATCH(B6,Raw_ScaleE!$C$2:$C$37,0)) -> 1000 | B6: 2000 | C6: =SUMIFS(Raw_ScaleE!$E$2:$E$37,Raw_ScaleE!$C$2:$C$37,$B6,Raw_ScaleE!$D$2:$D$37,C$5) -> 300.98 | D6: =SUMIFS(Raw_ScaleE!$E$2:$E$37,Raw_ScaleE!$C$2:$C$37,$B6,Raw_ScaleE!$D$2:$D$37,D$5) -> 314.65 | E6: =SUMIFS(Raw_ScaleE!$E$2:$E$37,Raw_ScaleE!$C$2:$C$37,$B6,Raw_ScaleE!$D$2:$D$37,E$5) -> 45.9 | F6: =SUMIFS(Raw_ScaleE!$E$2:$E$37,Raw_ScaleE!$C$2:$C$37,$B6,Raw_ScaleE!$D$2:$D$37,F$5) -> 30.47 | G6: =SUMIFS(Raw_ScaleE!$E$2:$E$37,Raw_ScaleE!$C$2:$C$37,$B6,Raw_ScaleE!$D$2:$D$37,G$5) -> 7.34 | H6: =SUMIFS(Raw_ScaleE!$E$2:$E$37,Raw_ScaleE!$C$2:$C$37,$B6,Raw_ScaleE!$D$2:$D$37,H$5) -> 78.57
A7: =INDEX(Raw_ScaleE!$B$2:$B$37,MATCH(B7,Raw_ScaleE!$C$2:$C$37,0)) -> 1000 | B7: 5000 | C7: =SUMIFS(Raw_ScaleE!$E$2:$E$37,Raw_ScaleE!$C$2:$C$37,$B7,Raw_ScaleE!$D$2:$D$37,C$5) -> 731.29 | D7: =SUMIFS(Raw_ScaleE!$E$2:$E$37,Raw_ScaleE!$C$2:$C$37,$B7,Raw_ScaleE!$D$2:$D$37,D$5) -> 922.77 | E7: =SUMIFS(Raw_ScaleE!$E$2:$E$37,Raw_ScaleE!$C$2:$C$37,$B7,Raw_ScaleE!$D$2:$D$37,E$5) -> 70.4 | F7: =SUMIFS(Raw_ScaleE!$E$2:$E$37,Raw_ScaleE!$C$2:$C$37,$B7,Raw_ScaleE!$D$2:$D$37,F$5) -> 62.21 | G7: =SUMIFS(Raw_ScaleE!$E$2:$E$37,Raw_ScaleE!$C$2:$C$37,$B7,Raw_ScaleE!$D$2:$D$37,G$5) -> 8.17 | H7: =SUMIFS(Raw_ScaleE!$E$2:$E$37,Raw_ScaleE!$C$2:$C$37,$B7,Raw_ScaleE!$D$2:$D$37,H$5) -> 174.88
A8: =INDEX(Raw_ScaleE!$B$2:$B$37,MATCH(B8,Raw_ScaleE!$C$2:$C$37,0)) -> 1000 | B8: 10000 | C8: =SUMIFS(Raw_ScaleE!$E$2:$E$37,Raw_ScaleE!$C$2:$C$37,$B8,Raw_ScaleE!$D$2:$D$37,C$5) -> 1598.33 | D8: =SUMIFS(Raw_ScaleE!$E$2:$E$37,Raw_ScaleE!$C$2:$C$37,$B8,Raw_ScaleE!$D$2:$D$37,D$5) -> 1474.67 | E8: =SUMIFS(Raw_ScaleE!$E$2:$E$37,Raw_ScaleE!$C$2:$C$37,$B8,Raw_ScaleE!$D$2:$D$37,E$5) -> 110.93 | F8: =SUMIFS(Raw_ScaleE!$E$2:$E$37,Raw_ScaleE!$C$2:$C$37,$B8,Raw_ScaleE!$D$2:$D$37,F$5) -> 89.14 | G8: =SUMIFS(Raw_ScaleE!$E$2:$E$37,Raw_ScaleE!$C$2:$C$37,$B8,Raw_ScaleE!$D$2:$D$37,G$5) -> 12.2 | H8: =SUMIFS(Raw_ScaleE!$E$2:$E$37,Raw_ScaleE!$C$2:$C$37,$B8,Raw_ScaleE!$D$2:$D$37,H$5) -> 425.43
A9: =INDEX(Raw_ScaleE!$B$2:$B$37,MATCH(B9,Raw_ScaleE!$C$2:$C$37,0)) -> 1000 | B9: 20000 | C9: =SUMIFS(Raw_ScaleE!$E$2:$E$37,Raw_ScaleE!$C$2:$C$37,$B9,Raw_ScaleE!$D$2:$D$37,C$5) -> 3100.88 | D9: =SUMIFS(Raw_ScaleE!$E$2:$E$37,Raw_ScaleE!$C$2:$C$37,$B9,Raw_ScaleE!$D$2:$D$37,D$5) -> 1595.72 | E9: =SUMIFS(Raw_ScaleE!$E$2:$E$37,Raw_ScaleE!$C$2:$C$37,$B9,Raw_ScaleE!$D$2:$D$37,E$5) -> 136.67 | F9: =SUMIFS(Raw_ScaleE!$E$2:$E$37,Raw_ScaleE!$C$2:$C$37,$B9,Raw_ScaleE!$D$2:$D$37,F$5) -> 131.97 | G9: =SUMIFS(Raw_ScaleE!$E$2:$E$37,Raw_ScaleE!$C$2:$C$37,$B9,Raw_ScaleE!$D$2:$D$37,G$5) -> 32.19 | H9: =SUMIFS(Raw_ScaleE!$E$2:$E$37,Raw_ScaleE!$C$2:$C$37,$B9,Raw_ScaleE!$D$2:$D$37,H$5) -> 590.02
A10: =INDEX(Raw_ScaleE!$B$2:$B$37,MATCH(B10,Raw_ScaleE!$C$2:$C$37,0)) -> 1000 | B10: 50000 | C10: =SUMIFS(Raw_ScaleE!$E$2:$E$37,Raw_ScaleE!$C$2:$C$37,$B10,Raw_ScaleE!$D$2:$D$37,C$5) -> 7787.08 | D10: =SUMIFS(Raw_ScaleE!$E$2:$E$37,Raw_ScaleE!$C$2:$C$37,$B10,Raw_ScaleE!$D$2:$D$37,D$5) -> 3093.02 | E10: =SUMIFS(Raw_ScaleE!$E$2:$E$37,Raw_ScaleE!$C$2:$C$37,$B10,Raw_ScaleE!$D$2:$D$37,E$5) -> 392.88 | F10: =SUMIFS(Raw_ScaleE!$E$2:$E$37,Raw_ScaleE!$C$2:$C$37,$B10,Raw_ScaleE!$D$2:$D$37,F$5) -> 440.54 | G10: =SUMIFS(Raw_ScaleE!$E$2:$E$37,Raw_ScaleE!$C$2:$C$37,$B10,Raw_ScaleE!$D$2:$D$37,G$5) -> 85.61 | H10: =SUMIFS(Raw_ScaleE!$E$2:$E$37,Raw_ScaleE!$C$2:$C$37,$B10,Raw_ScaleE!$D$2:$D$37,H$5) -> 1088.11
A11: =INDEX(Raw_ScaleE!$B$2:$B$37,MATCH(B11,Raw_ScaleE!$C$2:$C$37,0)) -> 1000 | B11: 100000 | C11: =SUMIFS(Raw_ScaleE!$E$2:$E$37,Raw_ScaleE!$C$2:$C$37,$B11,Raw_ScaleE!$D$2:$D$37,C$5) -> 14804.88 | D11: =SUMIFS(Raw_ScaleE!$E$2:$E$37,Raw_ScaleE!$C$2:$C$37,$B11,Raw_ScaleE!$D$2:$D$37,D$5) -> 7243.12 | E11: =SUMIFS(Raw_ScaleE!$E$2:$E$37,Raw_ScaleE!$C$2:$C$37,$B11,Raw_ScaleE!$D$2:$D$37,E$5) -> 513.01 | F11: =SUMIFS(Raw_ScaleE!$E$2:$E$37,Raw_ScaleE!$C$2:$C$37,$B11,Raw_ScaleE!$D$2:$D$37,F$5) -> 482.58 | G11: =SUMIFS(Raw_ScaleE!$E$2:$E$37,Raw_ScaleE!$C$2:$C$37,$B11,Raw_ScaleE!$D$2:$D$37,G$5) -> 142.09 | H11: =SUMIFS(Raw_ScaleE!$E$2:$E$37,Raw_ScaleE!$C$2:$C$37,$B11,Raw_ScaleE!$D$2:$D$37,H$5) -> 1527.73
A14: Comparisons
A15: V | B15: E | C15: Kruskal | D15: Prim | E15: SCC | F15: Topo-DAG | G15: Topo-cyclic | H15: Dijkstra
A16: =INDEX(Raw_ScaleE!$B$2:$B$37,MATCH(B16,Raw_ScaleE!$C$2:$C$37,0)) -> 1000 | B16: 2000 | C16: =SUMIFS(Raw_ScaleE!$G$2:$G$37,Raw_ScaleE!$C$2:$C$37,$B16,Raw_ScaleE!$D$2:$D$37,C$15) -> 18823 | D16: =SUMIFS(Raw_ScaleE!$G$2:$G$37,Raw_ScaleE!$C$2:$C$37,$B16,Raw_ScaleE!$D$2:$D$37,D$15) -> 39489 | E16: =SUMIFS(Raw_ScaleE!$G$2:$G$37,Raw_ScaleE!$C$2:$C$37,$B16,Raw_ScaleE!$D$2:$D$37,E$15) -> 0 | F16: =SUMIFS(Raw_ScaleE!$G$2:$G$37,Raw_ScaleE!$C$2:$C$37,$B16,Raw_ScaleE!$D$2:$D$37,F$15) -> 0 | G16: =SUMIFS(Raw_ScaleE!$G$2:$G$37,Raw_ScaleE!$C$2:$C$37,$B16,Raw_ScaleE!$D$2:$D$37,G$15) -> 0 | H16: =SUMIFS(Raw_ScaleE!$G$2:$G$37,Raw_ScaleE!$C$2:$C$37,$B16,Raw_ScaleE!$D$2:$D$37,H$15) -> 10263
A17: =INDEX(Raw_ScaleE!$B$2:$B$37,MATCH(B17,Raw_ScaleE!$C$2:$C$37,0)) -> 1000 | B17: 5000 | C17: =SUMIFS(Raw_ScaleE!$G$2:$G$37,Raw_ScaleE!$C$2:$C$37,$B17,Raw_ScaleE!$D$2:$D$37,C$15) -> 50369 | D17: =SUMIFS(Raw_ScaleE!$G$2:$G$37,Raw_ScaleE!$C$2:$C$37,$B17,Raw_ScaleE!$D$2:$D$37,D$15) -> 85148 | E17: =SUMIFS(Raw_ScaleE!$G$2:$G$37,Raw_ScaleE!$C$2:$C$37,$B17,Raw_ScaleE!$D$2:$D$37,E$15) -> 0 | F17: =SUMIFS(Raw_ScaleE!$G$2:$G$37,Raw_ScaleE!$C$2:$C$37,$B17,Raw_ScaleE!$D$2:$D$37,F$15) -> 0 | G17: =SUMIFS(Raw_ScaleE!$G$2:$G$37,Raw_ScaleE!$C$2:$C$37,$B17,Raw_ScaleE!$D$2:$D$37,G$15) -> 0 | H17: =SUMIFS(Raw_ScaleE!$G$2:$G$37,Raw_ScaleE!$C$2:$C$37,$B17,Raw_ScaleE!$D$2:$D$37,H$15) -> 23478
A18: =INDEX(Raw_ScaleE!$B$2:$B$37,MATCH(B18,Raw_ScaleE!$C$2:$C$37,0)) -> 1000 | B18: 10000 | C18: =SUMIFS(Raw_ScaleE!$G$2:$G$37,Raw_ScaleE!$C$2:$C$37,$B18,Raw_ScaleE!$D$2:$D$37,C$15) -> 103055 | D18: =SUMIFS(Raw_ScaleE!$G$2:$G$37,Raw_ScaleE!$C$2:$C$37,$B18,Raw_ScaleE!$D$2:$D$37,D$15) -> 121849 | E18: =SUMIFS(Raw_ScaleE!$G$2:$G$37,Raw_ScaleE!$C$2:$C$37,$B18,Raw_ScaleE!$D$2:$D$37,E$15) -> 0 | F18: =SUMIFS(Raw_ScaleE!$G$2:$G$37,Raw_ScaleE!$C$2:$C$37,$B18,Raw_ScaleE!$D$2:$D$37,F$15) -> 0 | G18: =SUMIFS(Raw_ScaleE!$G$2:$G$37,Raw_ScaleE!$C$2:$C$37,$B18,Raw_ScaleE!$D$2:$D$37,G$15) -> 0 | H18: =SUMIFS(Raw_ScaleE!$G$2:$G$37,Raw_ScaleE!$C$2:$C$37,$B18,Raw_ScaleE!$D$2:$D$37,H$15) -> 35651
A19: =INDEX(Raw_ScaleE!$B$2:$B$37,MATCH(B19,Raw_ScaleE!$C$2:$C$37,0)) -> 1000 | B19: 20000 | C19: =SUMIFS(Raw_ScaleE!$G$2:$G$37,Raw_ScaleE!$C$2:$C$37,$B19,Raw_ScaleE!$D$2:$D$37,C$15) -> 209098 | D19: =SUMIFS(Raw_ScaleE!$G$2:$G$37,Raw_ScaleE!$C$2:$C$37,$B19,Raw_ScaleE!$D$2:$D$37,D$15) -> 138188 | E19: =SUMIFS(Raw_ScaleE!$G$2:$G$37,Raw_ScaleE!$C$2:$C$37,$B19,Raw_ScaleE!$D$2:$D$37,E$15) -> 0 | F19: =SUMIFS(Raw_ScaleE!$G$2:$G$37,Raw_ScaleE!$C$2:$C$37,$B19,Raw_ScaleE!$D$2:$D$37,F$15) -> 0 | G19: =SUMIFS(Raw_ScaleE!$G$2:$G$37,Raw_ScaleE!$C$2:$C$37,$B19,Raw_ScaleE!$D$2:$D$37,G$15) -> 0 | H19: =SUMIFS(Raw_ScaleE!$G$2:$G$37,Raw_ScaleE!$C$2:$C$37,$B19,Raw_ScaleE!$D$2:$D$37,H$15) -> 47765
A20: =INDEX(Raw_ScaleE!$B$2:$B$37,MATCH(B20,Raw_ScaleE!$C$2:$C$37,0)) -> 1000 | B20: 50000 | C20: =SUMIFS(Raw_ScaleE!$G$2:$G$37,Raw_ScaleE!$C$2:$C$37,$B20,Raw_ScaleE!$D$2:$D$37,C$15) -> 527830 | D20: =SUMIFS(Raw_ScaleE!$G$2:$G$37,Raw_ScaleE!$C$2:$C$37,$B20,Raw_ScaleE!$D$2:$D$37,D$15) -> 228040 | E20: =SUMIFS(Raw_ScaleE!$G$2:$G$37,Raw_ScaleE!$C$2:$C$37,$B20,Raw_ScaleE!$D$2:$D$37,E$15) -> 0 | F20: =SUMIFS(Raw_ScaleE!$G$2:$G$37,Raw_ScaleE!$C$2:$C$37,$B20,Raw_ScaleE!$D$2:$D$37,F$15) -> 0 | G20: =SUMIFS(Raw_ScaleE!$G$2:$G$37,Raw_ScaleE!$C$2:$C$37,$B20,Raw_ScaleE!$D$2:$D$37,G$15) -> 0 | H20: =SUMIFS(Raw_ScaleE!$G$2:$G$37,Raw_ScaleE!$C$2:$C$37,$B20,Raw_ScaleE!$D$2:$D$37,H$15) -> 67519
A21: =INDEX(Raw_ScaleE!$B$2:$B$37,MATCH(B21,Raw_ScaleE!$C$2:$C$37,0)) -> 1000 | B21: 100000 | C21: =SUMIFS(Raw_ScaleE!$G$2:$G$37,Raw_ScaleE!$C$2:$C$37,$B21,Raw_ScaleE!$D$2:$D$37,C$15) -> 1058747 | D21: =SUMIFS(Raw_ScaleE!$G$2:$G$37,Raw_ScaleE!$C$2:$C$37,$B21,Raw_ScaleE!$D$2:$D$37,D$15) -> 341455 | E21: =SUMIFS(Raw_ScaleE!$G$2:$G$37,Raw_ScaleE!$C$2:$C$37,$B21,Raw_ScaleE!$D$2:$D$37,E$15) -> 0 | F21: =SUMIFS(Raw_ScaleE!$G$2:$G$37,Raw_ScaleE!$C$2:$C$37,$B21,Raw_ScaleE!$D$2:$D$37,F$15) -> 0 | G21: =SUMIFS(Raw_ScaleE!$G$2:$G$37,Raw_ScaleE!$C$2:$C$37,$B21,Raw_ScaleE!$D$2:$D$37,G$15) -> 0 | H21: =SUMIFS(Raw_ScaleE!$G$2:$G$37,Raw_ScaleE!$C$2:$C$37,$B21,Raw_ScaleE!$D$2:$D$37,H$15) -> 80134
A24: Edge examinations
A25: V | B25: E | C25: Kruskal | D25: Prim | E25: SCC | F25: Topo-DAG | G25: Topo-cyclic | H25: Dijkstra
A26: =INDEX(Raw_ScaleE!$B$2:$B$37,MATCH(B26,Raw_ScaleE!$C$2:$C$37,0)) -> 1000 | B26: 2000 | C26: =SUMIFS(Raw_ScaleE!$F$2:$F$37,Raw_ScaleE!$C$2:$C$37,$B26,Raw_ScaleE!$D$2:$D$37,C$25) -> 1948 | D26: =SUMIFS(Raw_ScaleE!$F$2:$F$37,Raw_ScaleE!$C$2:$C$37,$B26,Raw_ScaleE!$D$2:$D$37,D$25) -> 3999 | E26: =SUMIFS(Raw_ScaleE!$F$2:$F$37,Raw_ScaleE!$C$2:$C$37,$B26,Raw_ScaleE!$D$2:$D$37,E$25) -> 2000 | F26: =SUMIFS(Raw_ScaleE!$F$2:$F$37,Raw_ScaleE!$C$2:$C$37,$B26,Raw_ScaleE!$D$2:$D$37,F$25) -> 4000 | G26: =SUMIFS(Raw_ScaleE!$F$2:$F$37,Raw_ScaleE!$C$2:$C$37,$B26,Raw_ScaleE!$D$2:$D$37,G$25) -> 2423 | H26: =SUMIFS(Raw_ScaleE!$F$2:$F$37,Raw_ScaleE!$C$2:$C$37,$B26,Raw_ScaleE!$D$2:$D$37,H$25) -> 1577
A27: =INDEX(Raw_ScaleE!$B$2:$B$37,MATCH(B27,Raw_ScaleE!$C$2:$C$37,0)) -> 1000 | B27: 5000 | C27: =SUMIFS(Raw_ScaleE!$F$2:$F$37,Raw_ScaleE!$C$2:$C$37,$B27,Raw_ScaleE!$D$2:$D$37,C$25) -> 3356 | D27: =SUMIFS(Raw_ScaleE!$F$2:$F$37,Raw_ScaleE!$C$2:$C$37,$B27,Raw_ScaleE!$D$2:$D$37,D$25) -> 9997 | E27: =SUMIFS(Raw_ScaleE!$F$2:$F$37,Raw_ScaleE!$C$2:$C$37,$B27,Raw_ScaleE!$D$2:$D$37,E$25) -> 5000 | F27: =SUMIFS(Raw_ScaleE!$F$2:$F$37,Raw_ScaleE!$C$2:$C$37,$B27,Raw_ScaleE!$D$2:$D$37,F$25) -> 10000 | G27: =SUMIFS(Raw_ScaleE!$F$2:$F$37,Raw_ScaleE!$C$2:$C$37,$B27,Raw_ScaleE!$D$2:$D$37,G$25) -> 5031 | H27: =SUMIFS(Raw_ScaleE!$F$2:$F$37,Raw_ScaleE!$C$2:$C$37,$B27,Raw_ScaleE!$D$2:$D$37,H$25) -> 4969
A28: =INDEX(Raw_ScaleE!$B$2:$B$37,MATCH(B28,Raw_ScaleE!$C$2:$C$37,0)) -> 1000 | B28: 10000 | C28: =SUMIFS(Raw_ScaleE!$F$2:$F$37,Raw_ScaleE!$C$2:$C$37,$B28,Raw_ScaleE!$D$2:$D$37,C$25) -> 4083 | D28: =SUMIFS(Raw_ScaleE!$F$2:$F$37,Raw_ScaleE!$C$2:$C$37,$B28,Raw_ScaleE!$D$2:$D$37,D$25) -> 19988 | E28: =SUMIFS(Raw_ScaleE!$F$2:$F$37,Raw_ScaleE!$C$2:$C$37,$B28,Raw_ScaleE!$D$2:$D$37,E$25) -> 10000 | F28: =SUMIFS(Raw_ScaleE!$F$2:$F$37,Raw_ScaleE!$C$2:$C$37,$B28,Raw_ScaleE!$D$2:$D$37,F$25) -> 20000 | G28: =SUMIFS(Raw_ScaleE!$F$2:$F$37,Raw_ScaleE!$C$2:$C$37,$B28,Raw_ScaleE!$D$2:$D$37,G$25) -> 10000 | H28: =SUMIFS(Raw_ScaleE!$F$2:$F$37,Raw_ScaleE!$C$2:$C$37,$B28,Raw_ScaleE!$D$2:$D$37,H$25) -> 10000
A29: =INDEX(Raw_ScaleE!$B$2:$B$37,MATCH(B29,Raw_ScaleE!$C$2:$C$37,0)) -> 1000 | B29: 20000 | C29: =SUMIFS(Raw_ScaleE!$F$2:$F$37,Raw_ScaleE!$C$2:$C$37,$B29,Raw_ScaleE!$D$2:$D$37,C$25) -> 3571 | D29: =SUMIFS(Raw_ScaleE!$F$2:$F$37,Raw_ScaleE!$C$2:$C$37,$B29,Raw_ScaleE!$D$2:$D$37,D$25) -> 39961 | E29: =SUMIFS(Raw_ScaleE!$F$2:$F$37,Raw_ScaleE!$C$2:$C$37,$B29,Raw_ScaleE!$D$2:$D$37,E$25) -> 20000 | F29: =SUMIFS(Raw_ScaleE!$F$2:$F$37,Raw_ScaleE!$C$2:$C$37,$B29,Raw_ScaleE!$D$2:$D$37,F$25) -> 40000 | G29: =SUMIFS(Raw_ScaleE!$F$2:$F$37,Raw_ScaleE!$C$2:$C$37,$B29,Raw_ScaleE!$D$2:$D$37,G$25) -> 20000 | H29: =SUMIFS(Raw_ScaleE!$F$2:$F$37,Raw_ScaleE!$C$2:$C$37,$B29,Raw_ScaleE!$D$2:$D$37,H$25) -> 20000
A30: =INDEX(Raw_ScaleE!$B$2:$B$37,MATCH(B30,Raw_ScaleE!$C$2:$C$37,0)) -> 1000 | B30: 50000 | C30: =SUMIFS(Raw_ScaleE!$F$2:$F$37,Raw_ScaleE!$C$2:$C$37,$B30,Raw_ScaleE!$D$2:$D$37,C$25) -> 3939 | D30: =SUMIFS(Raw_ScaleE!$F$2:$F$37,Raw_ScaleE!$C$2:$C$37,$B30,Raw_ScaleE!$D$2:$D$37,D$25) -> 99906 | E30: =SUMIFS(Raw_ScaleE!$F$2:$F$37,Raw_ScaleE!$C$2:$C$37,$B30,Raw_ScaleE!$D$2:$D$37,E$25) -> 50000 | F30: =SUMIFS(Raw_ScaleE!$F$2:$F$37,Raw_ScaleE!$C$2:$C$37,$B30,Raw_ScaleE!$D$2:$D$37,F$25) -> 100000 | G30: =SUMIFS(Raw_ScaleE!$F$2:$F$37,Raw_ScaleE!$C$2:$C$37,$B30,Raw_ScaleE!$D$2:$D$37,G$25) -> 50000 | H30: =SUMIFS(Raw_ScaleE!$F$2:$F$37,Raw_ScaleE!$C$2:$C$37,$B30,Raw_ScaleE!$D$2:$D$37,H$25) -> 50000
A31: =INDEX(Raw_ScaleE!$B$2:$B$37,MATCH(B31,Raw_ScaleE!$C$2:$C$37,0)) -> 1000 | B31: 100000 | C31: =SUMIFS(Raw_ScaleE!$F$2:$F$37,Raw_ScaleE!$C$2:$C$37,$B31,Raw_ScaleE!$D$2:$D$37,C$25) -> 3980 | D31: =SUMIFS(Raw_ScaleE!$F$2:$F$37,Raw_ScaleE!$C$2:$C$37,$B31,Raw_ScaleE!$D$2:$D$37,D$25) -> 199797 | E31: =SUMIFS(Raw_ScaleE!$F$2:$F$37,Raw_ScaleE!$C$2:$C$37,$B31,Raw_ScaleE!$D$2:$D$37,E$25) -> 100000 | F31: =SUMIFS(Raw_ScaleE!$F$2:$F$37,Raw_ScaleE!$C$2:$C$37,$B31,Raw_ScaleE!$D$2:$D$37,F$25) -> 200000 | G31: =SUMIFS(Raw_ScaleE!$F$2:$F$37,Raw_ScaleE!$C$2:$C$37,$B31,Raw_ScaleE!$D$2:$D$37,G$25) -> 100000 | H31: =SUMIFS(Raw_ScaleE!$F$2:$F$37,Raw_ScaleE!$C$2:$C$37,$B31,Raw_ScaleE!$D$2:$D$37,H$25) -> 100000

Sheet DSU
A1: DSU: find steps with/without heuristics
A3: Scenario: chain - steps
A4: n | B4: none | C4: compression only | D4: union by size only | E4: both
A5: 100 | B5: =SUMIFS(Raw_DSU!$D$2:$D$25,Raw_DSU!$A$2:$A$25,"chain",Raw_DSU!$B$2:$B$25,$A5,Raw_DSU!$C$2:$C$25,B$4) -> 4950 | C5: =SUMIFS(Raw_DSU!$D$2:$D$25,Raw_DSU!$A$2:$A$25,"chain",Raw_DSU!$B$2:$B$25,$A5,Raw_DSU!$C$2:$C$25,C$4) -> 197 | D5: =SUMIFS(Raw_DSU!$D$2:$D$25,Raw_DSU!$A$2:$A$25,"chain",Raw_DSU!$B$2:$B$25,$A5,Raw_DSU!$C$2:$C$25,D$4) -> 196 | E5: =SUMIFS(Raw_DSU!$D$2:$D$25,Raw_DSU!$A$2:$A$25,"chain",Raw_DSU!$B$2:$B$25,$A5,Raw_DSU!$C$2:$C$25,E$4) -> 196
A6: 1000 | B6: =SUMIFS(Raw_DSU!$D$2:$D$25,Raw_DSU!$A$2:$A$25,"chain",Raw_DSU!$B$2:$B$25,$A6,Raw_DSU!$C$2:$C$25,B$4) -> 499500 | C6: =SUMIFS(Raw_DSU!$D$2:$D$25,Raw_DSU!$A$2:$A$25,"chain",Raw_DSU!$B$2:$B$25,$A6,Raw_DSU!$C$2:$C$25,C$4) -> 1997 | D6: =SUMIFS(Raw_DSU!$D$2:$D$25,Raw_DSU!$A$2:$A$25,"chain",Raw_DSU!$B$2:$B$25,$A6,Raw_DSU!$C$2:$C$25,D$4) -> 1996 | E6: =SUMIFS(Raw_DSU!$D$2:$D$25,Raw_DSU!$A$2:$A$25,"chain",Raw_DSU!$B$2:$B$25,$A6,Raw_DSU!$C$2:$C$25,E$4) -> 1996
A7: 10000 | B7: =SUMIFS(Raw_DSU!$D$2:$D$25,Raw_DSU!$A$2:$A$25,"chain",Raw_DSU!$B$2:$B$25,$A7,Raw_DSU!$C$2:$C$25,B$4) -> 49995000 | C7: =SUMIFS(Raw_DSU!$D$2:$D$25,Raw_DSU!$A$2:$A$25,"chain",Raw_DSU!$B$2:$B$25,$A7,Raw_DSU!$C$2:$C$25,C$4) -> 19997 | D7: =SUMIFS(Raw_DSU!$D$2:$D$25,Raw_DSU!$A$2:$A$25,"chain",Raw_DSU!$B$2:$B$25,$A7,Raw_DSU!$C$2:$C$25,D$4) -> 19996 | E7: =SUMIFS(Raw_DSU!$D$2:$D$25,Raw_DSU!$A$2:$A$25,"chain",Raw_DSU!$B$2:$B$25,$A7,Raw_DSU!$C$2:$C$25,E$4) -> 19996
A22: Scenario: random - steps
A23: n | B23: none | C23: compression only | D23: union by size only | E23: both
A24: 100 | B24: =SUMIFS(Raw_DSU!$D$2:$D$25,Raw_DSU!$A$2:$A$25,"random",Raw_DSU!$B$2:$B$25,$A24,Raw_DSU!$C$2:$C$25,B$23) -> 15472 | C24: =SUMIFS(Raw_DSU!$D$2:$D$25,Raw_DSU!$A$2:$A$25,"random",Raw_DSU!$B$2:$B$25,$A24,Raw_DSU!$C$2:$C$25,C$23) -> 1577 | D24: =SUMIFS(Raw_DSU!$D$2:$D$25,Raw_DSU!$A$2:$A$25,"random",Raw_DSU!$B$2:$B$25,$A24,Raw_DSU!$C$2:$C$25,D$23) -> 1631 | E24: =SUMIFS(Raw_DSU!$D$2:$D$25,Raw_DSU!$A$2:$A$25,"random",Raw_DSU!$B$2:$B$25,$A24,Raw_DSU!$C$2:$C$25,E$23) -> 1019
A25: 1000 | B25: =SUMIFS(Raw_DSU!$D$2:$D$25,Raw_DSU!$A$2:$A$25,"random",Raw_DSU!$B$2:$B$25,$A25,Raw_DSU!$C$2:$C$25,B$23) -> 1127741 | C25: =SUMIFS(Raw_DSU!$D$2:$D$25,Raw_DSU!$A$2:$A$25,"random",Raw_DSU!$B$2:$B$25,$A25,Raw_DSU!$C$2:$C$25,C$23) -> 17330 | D25: =SUMIFS(Raw_DSU!$D$2:$D$25,Raw_DSU!$A$2:$A$25,"random",Raw_DSU!$B$2:$B$25,$A25,Raw_DSU!$C$2:$C$25,D$23) -> 17923 | E25: =SUMIFS(Raw_DSU!$D$2:$D$25,Raw_DSU!$A$2:$A$25,"random",Raw_DSU!$B$2:$B$25,$A25,Raw_DSU!$C$2:$C$25,E$23) -> 10443
A26: 10000 | B26: =SUMIFS(Raw_DSU!$D$2:$D$25,Raw_DSU!$A$2:$A$25,"random",Raw_DSU!$B$2:$B$25,$A26,Raw_DSU!$C$2:$C$25,B$23) -> 107555300 | C26: =SUMIFS(Raw_DSU!$D$2:$D$25,Raw_DSU!$A$2:$A$25,"random",Raw_DSU!$B$2:$B$25,$A26,Raw_DSU!$C$2:$C$25,C$23) -> 220715 | D26: =SUMIFS(Raw_DSU!$D$2:$D$25,Raw_DSU!$A$2:$A$25,"random",Raw_DSU!$B$2:$B$25,$A26,Raw_DSU!$C$2:$C$25,D$23) -> 192266 | E26: =SUMIFS(Raw_DSU!$D$2:$D$25,Raw_DSU!$A$2:$A$25,"random",Raw_DSU!$B$2:$B$25,$A26,Raw_DSU!$C$2:$C$25,E$23) -> 105021

Sheet Raw_Required
A1: graph | B1: V | C1: E | D1: algorithm | E1: avg_time_us | F1: edge_examinations | G1: comparisons | H1: dsu_ops | I1: result
A2: Small | B2: 10 | C2: 30 | D2: Kruskal | E2: 1.74 | F2: 14 | G2: 107 | H2: 42 | I2: weight=129 connected=true
A3: Small | B3: 10 | C3: 30 | D3: Prim | E3: 0.58 | F3: 56 | G3: 144 | H3: 0 | I3: weight=129 connected=true
A4: Small | B4: 10 | C4: 30 | D4: SCC | E4: 0.25 | F4: 30 | G4: 0 | H4: 0 | I4: components=3 largest=8
A5: Small | B5: 10 | C5: 30 | D5: Topo-DAG | E5: 0.18 | F5: 60 | G5: 0 | H5: 0 | I5: isDag=true valid=true
A6: Small | B6: 10 | C6: 30 | D6: Topo-cyclic | E6: 0.06 | F6: 35 | G6: 0 | H6: 0 | I6: isDag=false ordered=1/10
A7: Small | B7: 10 | C7: 30 | D7: Dijkstra | E7: 0.28 | F7: 25 | G7: 18 | H7: 0 | I7: reachable=9 relaxations=8 heapOps=18
A8: Medium | B8: 100 | C8: 500 | D8: Kruskal | E8: 35.13 | F8: 164 | G8: 3827 | H8: 492 | I8: weight=1170 connected=true
A9: Medium | B9: 100 | C9: 500 | D9: Prim | E9: 11.74 | F9: 993 | G9: 3742 | H9: 0 | I9: weight=1170 connected=true
A10: Medium | B10: 100 | C10: 500 | D10: SCC | E10: 3.45 | F10: 500 | G10: 0 | H10: 0 | I10: components=4 largest=97
A11: Medium | B11: 100 | C11: 500 | D11: Topo-DAG | E11: 2.03 | F11: 1000 | G11: 0 | H11: 0 | I11: isDag=true valid=true
A12: Medium | B12: 100 | C12: 500 | D12: Topo-cyclic | E12: 0.33 | F12: 515 | G12: 0 | H12: 0 | I12: isDag=false ordered=2/100
A13: Medium | B13: 100 | C13: 500 | D13: Dijkstra | E13: 5.69 | F13: 485 | G13: 1439 | H13: 0 | I13: reachable=98 relaxations=141 heapOps=284
... A19: Large | B19: 1000 | C19: 5000 | D19: Dijkstra | E19: 305.3 | F19: 4969 | G19: 23478 | H19: 0 | I19: reachable=992 relaxations=1410 heapOps=2822

Sheet Raw_ScaleV
A1: graph | B1: V | C1: E | D1: algorithm | E1: avg_time_us | F1: edge_examinations | G1: comparisons | H1: dsu_ops | I1: result
A2: scaleV | B2: 100 | C2: 500 | D2: Kruskal | E2: 40.27 | F2: 164 | G2: 3827 | H2: 492 | I2: weight=1170 connected=true
A3: scaleV | B3: 100 | C3: 500 | D3: Prim | E3: 20.99 | F3: 993 | G3: 3742 | H3: 0 | I3: weight=1170 connected=true
A4: scaleV | B4: 100 | C4: 500 | D4: SCC | E4: 5.43 | F4: 500 | G4: 0 | H4: 0 | I4: components=4 largest=97
A5: scaleV | B5: 100 | C5: 500 | D5: Topo-DAG | E5: 3.15 | F5: 1000 | G5: 0 | H5: 0 | I5: isDag=true valid=true
A6: scaleV | B6: 100 | C6: 500 | D6: Topo-cyclic | E6: 0.66 | F6: 515 | G6: 0 | H6: 0 | I6: isDag=false ordered=2/100
A7: scaleV | B7: 100 | C7: 500 | D7: Dijkstra | E7: 13.96 | F7: 485 | G7: 1439 | H7: 0 | I7: reachable=98 relaxations=141 heapOps=284
A8: scaleV | B8: 250 | C8: 1250 | D8: Kruskal | E8: 132.19 | F8: 658 | G8: 11261 | H8: 1974 | I8: weight=3194 connected=true
A9: scaleV | B9: 250 | C9: 1250 | D9: Prim | E9: 123.17 | F9: 2495 | G9: 14733 | H9: 0 | I9: weight=3194 connected=true
A10: scaleV | B10: 250 | C10: 1250 | D10: SCC | E10: 12.49 | F10: 1250 | G10: 0 | H10: 0 | I10: components=2 largest=249
A11: scaleV | B11: 250 | C11: 1250 | D11: Topo-DAG | E11: 13.51 | F11: 2500 | G11: 0 | H11: 0 | I11: isDag=true valid=true
A12: scaleV | B12: 250 | C12: 1250 | D12: Topo-cyclic | E12: 1.75 | F12: 1254 | G12: 0 | H12: 0 | I12: isDag=false ordered=1/250
A13: scaleV | B13: 250 | C13: 1250 | D13: Dijkstra | E13: 38.91 | F13: 1246 | G13: 4927 | H13: 0 | I13: reachable=249 relaxations=374 heapOps=750
... A43: scaleV | B43: 10000 | C43: 50000 | D43: Dijkstra | E43: 4639.99 | F43: 49609 | G43: 333357 | H43: 0 | I43: reachable=9926 relaxations=14322 heapOps=28646

Sheet Raw_ScaleE
A1: graph | B1: V | C1: E | D1: algorithm | E1: avg_time_us | F1: edge_examinations | G1: comparisons | H1: dsu_ops | I1: result
A2: scaleE | B2: 1000 | C2: 2000 | D2: Kruskal | E2: 300.98 | F2: 1948 | G2: 18823 | H2: 5844 | I2: weight=30499 connected=true
A3: scaleE | B3: 1000 | C3: 2000 | D3: Prim | E3: 314.65 | F3: 3999 | G3: 39489 | H3: 0 | I3: weight=30499 connected=true
A4: scaleE | B4: 1000 | C4: 2000 | D4: SCC | E4: 45.9 | F4: 2000 | G4: 0 | H4: 0 | I4: components=372 largest=629
A5: scaleE | B5: 1000 | C5: 2000 | D5: Topo-DAG | E5: 30.47 | F5: 4000 | G5: 0 | H5: 0 | I5: isDag=true valid=true
A6: scaleE | B6: 1000 | C6: 2000 | D6: Topo-cyclic | E6: 7.34 | F6: 2423 | G6: 0 | H6: 0 | I6: isDag=false ordered=207/1000
A7: scaleE | B7: 1000 | C7: 2000 | D7: Dijkstra | E7: 78.57 | F7: 1577 | G7: 10263 | H7: 0 | I7: reachable=793 relaxations=834 heapOps=1670
A8: scaleE | B8: 1000 | C8: 5000 | D8: Kruskal | E8: 731.29 | F8: 3356 | G8: 50369 | H8: 10068 | I8: weight=13123 connected=true
A9: scaleE | B9: 1000 | C9: 5000 | D9: Prim | E9: 922.77 | F9: 9997 | G9: 85148 | H9: 0 | I9: weight=13123 connected=true
A10: scaleE | B10: 1000 | C10: 5000 | D10: SCC | E10: 70.4 | F10: 5000 | G10: 0 | H10: 0 | I10: components=14 largest=987
A11: scaleE | B11: 1000 | C11: 5000 | D11: Topo-DAG | E11: 62.21 | F11: 10000 | G11: 0 | H11: 0 | I11: isDag=true valid=true
A12: scaleE | B12: 1000 | C12: 5000 | D12: Topo-cyclic | E12: 8.17 | F12: 5031 | G12: 0 | H12: 0 | I12: isDag=false ordered=8/1000
A13: scaleE | B13: 1000 | C13: 5000 | D13: Dijkstra | E13: 174.88 | F13: 4969 | G13: 23478 | H13: 0 | I13: reachable=992 relaxations=1410 heapOps=2822
... A37: scaleE | B37: 1000 | C37: 100000 | D37: Dijkstra | E37: 1527.73 | F37: 100000 | G37: 80134 | H37: 0 | I37: reachable=1000 relaxations=3815 heapOps=7632

Sheet Raw_DSU
A1: scenario | B1: n | C1: variant | D1: steps | E1: avg_time_us
A2: chain | B2: 100 | C2: none | D2: 4950 | E2: 8.52
A3: random | B3: 100 | C3: none | D3: 15472 | E3: 29.11
A4: chain | B4: 100 | C4: compression only | D4: 197 | E4: 1.03
A5: random | B5: 100 | C5: compression only | D5: 1577 | E5: 14.48
A6: chain | B6: 100 | C6: union by size only | D6: 196 | E6: 1.03
A7: random | B7: 100 | C7: union by size only | D7: 1631 | E7: 11.8
A8: chain | B8: 100 | C8: both | D8: 196 | E8: 1.19
A9: random | B9: 100 | C9: both | D9: 1019 | E9: 14.38
A10: chain | B10: 1000 | C10: none | D10: 499500 | E10: 700.08
A11: random | B11: 1000 | C11: none | D11: 1127741 | E11: 2035.73
A12: chain | B12: 1000 | C12: compression only | D12: 1997 | E12: 10.93
A13: random | B13: 1000 | C13: compression only | D13: 17330 | E13: 131.42
... A25: random | B25: 10000 | C25: both | D25: 105021 | E25: 1529.09
